name,observed_band,source_id,confidence
Cocaína,1710 cm⁻¹,REF-001,REQUIERE REVISION
Cocaína,1738 cm⁻¹,REF-001,REQUIERE REVISION
Cocaína,1275 cm⁻¹,REF-001,REQUIERE REVISION
Cocaína,1110 cm⁻¹,REF-001,REQUIERE REVISION
Cocaína,712 cm⁻¹,REF-001,REQUIERE REVISION
Cocaína,1037 cm⁻¹,REF-001,REQUIERE REVISION
Metanfetamina,747 cm⁻¹,REF-001,REQUIERE REVISION
Metanfetamina,698 cm⁻¹,REF-001,REQUIERE REVISION
Metanfetamina,1060 cm⁻¹,REF-001,REQUIERE REVISION
Metanfetamina,1491 cm⁻¹,REF-001,REQUIERE REVISION
Metanfetamina,1590 cm⁻¹,REF-001,REQUIERE REVISION
Metanfetamina,1085 cm⁻¹,REF-001,REQUIERE REVISION
THC,1580 cm⁻¹,REF-001,REQUIERE REVISION
THC,1040 cm⁻¹,REF-001,REQUIERE REVISION
THC,1620 cm⁻¹,REF-001,REQUIERE REVISION
THC,1180 cm⁻¹,REF-001,REQUIERE REVISION
THC,1130 cm⁻¹,REF-001,REQUIERE REVISION
THC,1050 cm⁻¹,REF-001,REQUIERE REVISION
LSD,1626 cm⁻¹,REF-001,REQUIERE REVISION
LSD,1307 cm⁻¹,REF-001,REQUIERE REVISION
LSD,1136 cm⁻¹,REF-001,REQUIERE REVISION
LSD,1066 cm⁻¹,REF-001,REQUIERE REVISION
LSD,1212 cm⁻¹,REF-001,REQUIERE REVISION
LSD,749 cm⁻¹,REF-001,REQUIERE REVISION
Aspirina,1183 cm⁻¹,REF-001,REQUIERE REVISION
Aspirina,1688 cm⁻¹,REF-001,REQUIERE REVISION
Aspirina,1305 cm⁻¹,REF-001,REQUIERE REVISION
Aspirina,1755 cm⁻¹,REF-001,REQUIERE REVISION
Aspirina,925 cm⁻¹,REF-001,REQUIERE REVISION
Aspirina,1219 cm⁻¹,REF-001,REQUIERE REVISION
Efedrina,994 cm⁻¹,REF-001,REQUIERE REVISION
Efedrina,699 cm⁻¹,REF-001,REQUIERE REVISION
Efedrina,754 cm⁻¹,REF-001,REQUIERE REVISION
Efedrina,1049 cm⁻¹,REF-001,REQUIERE REVISION
Efedrina,1242 cm⁻¹,REF-001,REQUIERE REVISION
Efedrina,670 cm⁻¹,REF-001,REQUIERE REVISION
Sertralina,1470 cm⁻¹,REF-001,REQUIERE REVISION
Sertralina,1135 cm⁻¹,REF-001,REQUIERE REVISION
Sertralina,825 cm⁻¹,REF-001,REQUIERE REVISION
Sertralina,800 cm⁻¹,REF-001,REQUIERE REVISION
Sertralina,790 cm⁻¹,REF-001,REQUIERE REVISION
Sertralina,760 cm⁻¹,REF-001,REQUIERE REVISION
Clonazepam,1685 cm⁻¹,REF-001,REQUIERE REVISION
Clonazepam,1610 cm⁻¹,REF-001,REQUIERE REVISION
Clonazepam,748 cm⁻¹,REF-001,REQUIERE REVISION
Clonazepam,1255 cm⁻¹,REF-001,REQUIERE REVISION
Clonazepam,1578 cm⁻¹,REF-001,REQUIERE REVISION
Clonazepam,1532 cm⁻¹,REF-001,REQUIERE REVISION
Fenacetina,1470 cm⁻¹,REF-001,REQUIERE REVISION
Fenacetina,1135 cm⁻¹,REF-001,REQUIERE REVISION
Fenacetina,825 cm⁻¹,REF-001,REQUIERE REVISION
Fenacetina,800 cm⁻¹,REF-001,REQUIERE REVISION
Fenacetina,790 cm⁻¹,REF-001,REQUIERE REVISION
Fenacetina,760 cm⁻¹,REF-001,REQUIERE REVISION
2C-B,1250,REF-001,REQUIERE REVISION
2C-B,1500,REF-001,REQUIERE REVISION
2C-B,825,REF-001,REQUIERE REVISION
2C-B,740,REF-001,REQUIERE REVISION
2C-B,750,REF-001,REQUIERE REVISION
Metamizol,1672 cm⁻¹,REF-001,REQUIERE REVISION
Metamizol,1064 cm⁻¹,REF-001,REQUIERE REVISION
Metamizol,1179 cm⁻¹,REF-001,REQUIERE REVISION
Metamizol,1163 cm⁻¹,REF-001,REQUIERE REVISION
Metamizol,1208 cm⁻¹,REF-001,REQUIERE REVISION
Metamizol,1639 cm⁻¹,REF-001,REQUIERE REVISION
Cafeína,1658 cm⁻¹,REF-001,REQUIERE REVISION
Cafeína,1698 cm⁻¹,REF-001,REQUIERE REVISION
Cafeína,747 cm⁻¹,REF-001,REQUIERE REVISION
Cafeína,1548 cm⁻¹,REF-001,REQUIERE REVISION
Cafeína,1242 cm⁻¹,REF-001,REQUIERE REVISION
Cafeína,760 cm⁻¹,REF-001,REQUIERE REVISION
Ketamina,1696 cm⁻¹,REF-001,REQUIERE REVISION
Ketamina,747 cm⁻¹,REF-001,REQUIERE REVISION
Ketamina,1142 cm⁻¹,REF-001,REQUIERE REVISION
Ketamina,1120 cm⁻¹,REF-001,REQUIERE REVISION
Ketamina,712 cm⁻¹,REF-001,REQUIERE REVISION
Ketamina,1027 cm⁻¹,REF-001,REQUIERE REVISION
MDMA,1033 cm⁻¹,REF-001,REQUIERE REVISION
MDMA,930 cm⁻¹,REF-001,REQUIERE REVISION
MDMA,805 cm⁻¹,REF-001,REQUIERE REVISION
MDMA,1489 cm⁻¹,REF-001,REQUIERE REVISION
MDMA,1442 cm⁻¹,REF-001,REQUIERE REVISION
MDMA,1189.2 cm⁻¹,REF-001,REQUIERE REVISION
MDA,1030 cm⁻¹,REF-001,REQUIERE REVISION
MDA,930 cm⁻¹,REF-001,REQUIERE REVISION
MDA,805 cm⁻¹,REF-001,REQUIERE REVISION
MDA,1490 cm⁻¹,REF-001,REQUIERE REVISION
MDA,1440 cm⁻¹,REF-001,REQUIERE REVISION
MDA,1190 cm⁻¹,REF-001,REQUIERE REVISION
Heroína,1245 cm⁻¹,REF-001,REQUIERE REVISION
Heroína,1764 cm⁻¹,REF-001,REQUIERE REVISION
Heroína,1178 cm⁻¹,REF-001,REQUIERE REVISION
Heroína,1215 cm⁻¹,REF-001,REQUIERE REVISION
Heroína,911 cm⁻¹,REF-001,REQUIERE REVISION
Heroína,1736 cm⁻¹,REF-001,REQUIERE REVISION
Levamisol,1587 cm⁻¹,REF-001,REQUIERE REVISION
Levamisol,1575 cm⁻¹,REF-001,REQUIERE REVISION
Levamisol,1197 cm⁻¹,REF-001,REQUIERE REVISION
Levamisol,699 cm⁻¹,REF-001,REQUIERE REVISION
Levamisol,1150 cm⁻¹,REF-001,REQUIERE REVISION
Levamisol,1248 cm⁻¹,REF-001,REQUIERE REVISION
Fentanilo,1660 cm⁻¹,REF-001,REQUIERE REVISION
Fentanilo,701 cm⁻¹,REF-001,REQUIERE REVISION
Fentanilo,1493 cm⁻¹,REF-001,REQUIERE REVISION
Fentanilo,1263 cm⁻¹,REF-001,REQUIERE REVISION
Fentanilo,1273 cm⁻¹,REF-001,REQUIERE REVISION
Fentanilo,1236 cm⁻¹,REF-001,REQUIERE REVISION
Ibuprofeno,1721 cm⁻¹,REF-001,REQUIERE REVISION
Ibuprofeno,1232 cm⁻¹,REF-001,REQUIERE REVISION
Ibuprofeno,779 cm⁻¹,REF-001,REQUIERE REVISION
Ibuprofeno,1185 cm⁻¹,REF-001,REQUIERE REVISION
Ibuprofeno,1273 cm⁻¹,REF-001,REQUIERE REVISION
Ibuprofeno,870 cm⁻¹,REF-001,REQUIERE REVISION
Naproxeno,1724 cm⁻¹,REF-001,REQUIERE REVISION
Naproxeno,1174 cm⁻¹,REF-001,REQUIERE REVISION
Naproxeno,1155 cm⁻¹,REF-001,REQUIERE REVISION
Naproxeno,1223 cm⁻¹,REF-001,REQUIERE REVISION
Naproxeno,1190 cm⁻¹,REF-001,REQUIERE REVISION
Naproxeno,1681 cm⁻¹,REF-001,REQUIERE REVISION
Anfetamina,700,REF-001,REQUIERE REVISION
Anfetamina,740,REF-001,REQUIERE REVISION
Anfetamina,1495,REF-001,REQUIERE REVISION
Anfetamina,1090,REF-001,REQUIERE REVISION
Anfetamina,1605,REF-001,REQUIERE REVISION
Anfetamina,825,REF-001,REQUIERE REVISION
Codeína,1052,REF-001,REQUIERE REVISION
Codeína,1268,REF-001,REQUIERE REVISION
Codeína,1500,REF-001,REQUIERE REVISION
Codeína,1111,REF-001,REQUIERE REVISION
Codeína,793,REF-001,REQUIERE REVISION
Codeína,934,REF-001,REQUIERE REVISION
Diazepam,1681,REF-001,REQUIERE REVISION
Diazepam,1313,REF-001,REQUIERE REVISION
Diazepam,705,REF-001,REQUIERE REVISION
Diazepam,840,REF-001,REQUIERE REVISION
Diazepam,1125,REF-001,REQUIERE REVISION
Diazepam,740,REF-001,REQUIERE REVISION
Alprazolam,1490,REF-001,REQUIERE REVISION
Alprazolam,1610,REF-001,REQUIERE REVISION
Alprazolam,697,REF-001,REQUIERE REVISION
Alprazolam,1316,REF-001,REQUIERE REVISION
Alprazolam,1540,REF-001,REQUIERE REVISION
Alprazolam,827,REF-001,REQUIERE REVISION
Fenobarbital,1712,REF-001,REQUIERE REVISION
Fenobarbital,1684,REF-001,REQUIERE REVISION
Fenobarbital,1670,REF-001,REQUIERE REVISION
Fenobarbital,1770,REF-001,REQUIERE REVISION
Fenobarbital,1310,REF-001,REQUIERE REVISION
Fenobarbital,1300,REF-001,REQUIERE REVISION
