name,m_z,source_id,confidence
Cocaína,82,REF-001,REQUIERE REVISION
Cocaína,182,REF-001,REQUIERE REVISION
Cocaína,83,REF-001,REQUIERE REVISION
Cocaína,105,REF-001,REQUIERE REVISION
Cocaína,303,REF-001,REQUIERE REVISION
Cocaína,77,REF-001,REQUIERE REVISION
Cocaína,94,REF-001,REQUIERE REVISION
Cocaína,96,REF-001,REQUIERE REVISION
Metanfetamina,58,REF-001,REQUIERE REVISION
Metanfetamina,91,REF-001,REQUIERE REVISION
Metanfetamina,59,REF-001,REQUIERE REVISION
Metanfetamina,134,REF-001,REQUIERE REVISION
Metanfetamina,65,REF-001,REQUIERE REVISION
Metanfetamina,56,REF-001,REQUIERE REVISION
Metanfetamina,42,REF-001,REQUIERE REVISION
Metanfetamina,57,REF-001,REQUIERE REVISION
THC,299,REF-001,REQUIERE REVISION
THC,231,REF-001,REQUIERE REVISION
THC,314,REF-001,REQUIERE REVISION
THC,43,REF-001,REQUIERE REVISION
THC,41,REF-001,REQUIERE REVISION
THC,295,REF-001,REQUIERE REVISION
THC,55,REF-001,REQUIERE REVISION
THC,271,REF-001,REQUIERE REVISION
LSD,323,REF-001,REQUIERE REVISION
LSD,221,REF-001,REQUIERE REVISION
LSD,181,REF-001,REQUIERE REVISION
LSD,222,REF-001,REQUIERE REVISION
LSD,207,REF-001,REQUIERE REVISION
LSD,72,REF-001,REQUIERE REVISION
LSD,223,REF-001,REQUIERE REVISION
LSD,324,REF-001,REQUIERE REVISION
Aspirina,120,REF-001,REQUIERE REVISION
Aspirina,43,REF-001,REQUIERE REVISION
Aspirina,138,REF-001,REQUIERE REVISION
Aspirina,92,REF-001,REQUIERE REVISION
Aspirina,121,REF-001,REQUIERE REVISION
Aspirina,39,REF-001,REQUIERE REVISION
Aspirina,64,REF-001,REQUIERE REVISION
Aspirina,63,REF-001,REQUIERE REVISION
Efedrina,58,REF-001,REQUIERE REVISION
Efedrina,146,REF-001,REQUIERE REVISION
Efedrina,56,REF-001,REQUIERE REVISION
Efedrina,105,REF-001,REQUIERE REVISION
Efedrina,77,REF-001,REQUIERE REVISION
Efedrina,42,REF-001,REQUIERE REVISION
Efedrina,106,REF-001,REQUIERE REVISION
Efedrina,40,REF-001,REQUIERE REVISION
Sertralina,274,REF-001,REQUIERE REVISION
Sertralina,159,REF-001,REQUIERE REVISION
Sertralina,276,REF-001,REQUIERE REVISION
Sertralina,103,REF-001,REQUIERE REVISION
Sertralina,262,REF-001,REQUIERE REVISION
Sertralina,132,REF-001,REQUIERE REVISION
Sertralina,129,REF-001,REQUIERE REVISION
Sertralina,161,REF-001,REQUIERE REVISION
Clonazepam,280,REF-001,REQUIERE REVISION
Clonazepam,314,REF-001,REQUIERE REVISION
Clonazepam,315,REF-001,REQUIERE REVISION
Clonazepam,286,REF-001,REQUIERE REVISION
Clonazepam,234,REF-001,REQUIERE REVISION
Clonazepam,288,REF-001,REQUIERE REVISION
Clonazepam,316,REF-001,REQUIERE REVISION
Clonazepam,240,REF-001,REQUIERE REVISION
Fenacetina,274,REF-001,REQUIERE REVISION
Fenacetina,159,REF-001,REQUIERE REVISION
Fenacetina,276,REF-001,REQUIERE REVISION
Fenacetina,103,REF-001,REQUIERE REVISION
Fenacetina,262,REF-001,REQUIERE REVISION
Fenacetina,132,REF-001,REQUIERE REVISION
Fenacetina,129,REF-001,REQUIERE REVISION
Fenacetina,161,REF-001,REQUIERE REVISION
2C-B,230,REF-001,REQUIERE REVISION
2C-B,232,REF-001,REQUIERE REVISION
2C-B,215,REF-001,REQUIERE REVISION
2C-B,217,REF-001,REQUIERE REVISION
2C-B,77,REF-001,REQUIERE REVISION
2C-B,259,REF-001,REQUIERE REVISION
2C-B,261,REF-001,REQUIERE REVISION
2C-B,91,REF-001,REQUIERE REVISION
Metamizol,56,REF-001,REQUIERE REVISION
Metamizol,42,REF-001,REQUIERE REVISION
Metamizol,83,REF-001,REQUIERE REVISION
Metamizol,57,REF-001,REQUIERE REVISION
Metamizol,77,REF-001,REQUIERE REVISION
Metamizol,51,REF-001,REQUIERE REVISION
Metamizol,97,REF-001,REQUIERE REVISION
Metamizol,54,REF-001,REQUIERE REVISION
Cafeína,194,REF-001,REQUIERE REVISION
Cafeína,109,REF-001,REQUIERE REVISION
Cafeína,55,REF-001,REQUIERE REVISION
Cafeína,67,REF-001,REQUIERE REVISION
Cafeína,82,REF-001,REQUIERE REVISION
Cafeína,195,REF-001,REQUIERE REVISION
Cafeína,42,REF-001,REQUIERE REVISION
Cafeína,110,REF-001,REQUIERE REVISION
Ketamina,180,REF-001,REQUIERE REVISION
Ketamina,209,REF-001,REQUIERE REVISION
Ketamina,182,REF-001,REQUIERE REVISION
Ketamina,152,REF-001,REQUIERE REVISION
Ketamina,181,REF-001,REQUIERE REVISION
Ketamina,30,REF-001,REQUIERE REVISION
Ketamina,211,REF-001,REQUIERE REVISION
Ketamina,138,REF-001,REQUIERE REVISION
MDMA,58,REF-001,REQUIERE REVISION
MDMA,77,REF-001,REQUIERE REVISION
MDMA,135,REF-001,REQUIERE REVISION
MDMA,51,REF-001,REQUIERE REVISION
MDMA,105,REF-001,REQUIERE REVISION
MDMA,63,REF-001,REQUIERE REVISION
MDMA,89,REF-001,REQUIERE REVISION
MDMA,178,REF-001,REQUIERE REVISION
MDA,44,REF-001,REQUIERE REVISION
MDA,136,REF-001,REQUIERE REVISION
MDA,51,REF-001,REQUIERE REVISION
MDA,135,REF-001,REQUIERE REVISION
MDA,77,REF-001,REQUIERE REVISION
MDA,42,REF-001,REQUIERE REVISION
MDA,78,REF-001,REQUIERE REVISION
MDA,45,REF-001,REQUIERE REVISION
Heroína,327,REF-001,REQUIERE REVISION
Heroína,43,REF-001,REQUIERE REVISION
Heroína,369,REF-001,REQUIERE REVISION
Heroína,268,REF-001,REQUIERE REVISION
Heroína,310,REF-001,REQUIERE REVISION
Heroína,42,REF-001,REQUIERE REVISION
Heroína,215,REF-001,REQUIERE REVISION
Heroína,204,REF-001,REQUIERE REVISION
Levamisol,204,REF-001,REQUIERE REVISION
Levamisol,148,REF-001,REQUIERE REVISION
Levamisol,73,REF-001,REQUIERE REVISION
Levamisol,101,REF-001,REQUIERE REVISION
Levamisol,203,REF-001,REQUIERE REVISION
Levamisol,127,REF-001,REQUIERE REVISION
Levamisol,104,REF-001,REQUIERE REVISION
Levamisol,205,REF-001,REQUIERE REVISION
Fentanilo,245,REF-001,REQUIERE REVISION
Fentanilo,146,REF-001,REQUIERE REVISION
Fentanilo,42,REF-001,REQUIERE REVISION
Fentanilo,189,REF-001,REQUIERE REVISION
Fentanilo,44,REF-001,REQUIERE REVISION
Fentanilo,105,REF-001,REQUIERE REVISION
Fentanilo,29,REF-001,REQUIERE REVISION
Fentanilo,43,REF-001,REQUIERE REVISION
Ibuprofeno,163,REF-001,REQUIERE REVISION
Ibuprofeno,161,REF-001,REQUIERE REVISION
Ibuprofeno,119,REF-001,REQUIERE REVISION
Ibuprofeno,91,REF-001,REQUIERE REVISION
Ibuprofeno,206,REF-001,REQUIERE REVISION
Ibuprofeno,117,REF-001,REQUIERE REVISION
Ibuprofeno,107,REF-001,REQUIERE REVISION
Ibuprofeno,164,REF-001,REQUIERE REVISION
Naproxeno,185,REF-001,REQUIERE REVISION
Naproxeno,230,REF-001,REQUIERE REVISION
Naproxeno,141,REF-001,REQUIERE REVISION
Naproxeno,186,REF-001,REQUIERE REVISION
Naproxeno,184,REF-001,REQUIERE REVISION
Naproxeno,115,REF-001,REQUIERE REVISION
Naproxeno,170,REF-001,REQUIERE REVISION
Naproxeno,153,REF-001,REQUIERE REVISION
GHB,147,REF-001,REQUIERE REVISION
GHB,73,REF-001,REQUIERE REVISION
GHB,75,REF-001,REQUIERE REVISION
GHB,233,REF-001,REQUIERE REVISION
GHB,117,REF-001,REQUIERE REVISION
GHB,148,REF-001,REQUIERE REVISION
GHB,77,REF-001,REQUIERE REVISION
GHB,59,REF-001,REQUIERE REVISION
Anfetamina,44,REF-001,REQUIERE REVISION
Anfetamina,91,REF-001,REQUIERE REVISION
Anfetamina,40,REF-001,REQUIERE REVISION
Anfetamina,42,REF-001,REQUIERE REVISION
Anfetamina,65,REF-001,REQUIERE REVISION
Anfetamina,45,REF-001,REQUIERE REVISION
Anfetamina,39,REF-001,REQUIERE REVISION
Anfetamina,43,REF-001,REQUIERE REVISION
Codeína,299,REF-001,REQUIERE REVISION
Codeína,42,REF-001,REQUIERE REVISION
Codeína,162,REF-001,REQUIERE REVISION
Codeína,124,REF-001,REQUIERE REVISION
Codeína,229,REF-001,REQUIERE REVISION
Codeína,59,REF-001,REQUIERE REVISION
Codeína,300,REF-001,REQUIERE REVISION
Codeína,69,REF-001,REQUIERE REVISION
Diazepam,256,REF-001,REQUIERE REVISION
Diazepam,283,REF-001,REQUIERE REVISION
Diazepam,284,REF-001,REQUIERE REVISION
Diazepam,285,REF-001,REQUIERE REVISION
Diazepam,257,REF-001,REQUIERE REVISION
Diazepam,255,REF-001,REQUIERE REVISION
Diazepam,258,REF-001,REQUIERE REVISION
Diazepam,286,REF-001,REQUIERE REVISION
Alprazolam,308,REF-001,REQUIERE REVISION
Alprazolam,279,REF-001,REQUIERE REVISION
Alprazolam,204,REF-001,REQUIERE REVISION
Alprazolam,273,REF-001,REQUIERE REVISION
Alprazolam,77,REF-001,REQUIERE REVISION
Alprazolam,307,REF-001,REQUIERE REVISION
Alprazolam,310,REF-001,REQUIERE REVISION
Alprazolam,309,REF-001,REQUIERE REVISION
Fenobarbital,204,REF-001,REQUIERE REVISION
Fenobarbital,117,REF-001,REQUIERE REVISION
Fenobarbital,146,REF-001,REQUIERE REVISION
Fenobarbital,161,REF-001,REQUIERE REVISION
Fenobarbital,77,REF-001,REQUIERE REVISION
Fenobarbital,103,REF-001,REQUIERE REVISION
Fenobarbital,115,REF-001,REQUIERE REVISION
Fenobarbital,118,REF-001,REQUIERE REVISION
