name,behavior,pKa_1,pKa_2,pKa_3,source_id,confidence
Cocaína,base,8.6,,,REF-001,VERIFICADO
Metanfetamina,base,10.1,,,REF-001,VERIFICADO
THC,acid,10.6,,,REF-001,VERIFICADO
LSD,base,7.5,,,REF-001,VERIFICADO
Aspirina,acid,3.5,,,REF-001,VERIFICADO
Efedrina,base,9.6,,,REF-001,VERIFICADO
Sertralina,base,9.48,,,REF-001,VERIFICADO
Clonazepam,amphoteric,1.5,10.5,,REF-001,VERIFICADO
Fenacetina,base,2.2,,,REF-001,VERIFICADO
2C-B,base,9.2,,,REF-001,VERIFICADO
Metamizol,base,1.84,,,REF-001,VERIFICADO
Cafeína,amphoteric,10.4,14.0,,REF-001,VERIFICADO
Ketamina,base,7.5,,,REF-001,VERIFICADO
MDMA,base,9.4,,,REF-001,VERIFICADO
MDA,base,9.67,,,REF-001,VERIFICADO
Heroína,base,7.6,,,REF-001,VERIFICADO
Levamisol,base,8.0,,,REF-001,VERIFICADO
Fentanilo,base,8.4,,,REF-001,VERIFICADO
Ibuprofeno,acid,4.4,5.2,,REF-001,VERIFICADO
Naproxeno,acid,4.2,,,REF-001,VERIFICADO
GHB,acid,4.7,,,REF-001,VERIFICADO
Anfetamina,base,9.9,,,REF-001,VERIFICADO
Codeína,base,8.2,,,REF-001,VERIFICADO
Diazepam,base,3.4,,,REF-001,VERIFICADO
Alprazolam,base,2.4,,,REF-001,VERIFICADO
Fenobarbital,acid,7.4,,,REF-001,VERIFICADO
